Topics,Definition
Behavioral Change,"Discusses the process of altering or modifying one's actions, habits, or patterns for improvement."
Healthy Eating,Refers to the desire and efforts to improve dietary habits for better health and wellbeing.
Overcoming Temptations,Discusses the struggle to resist unhealthy food choices and the strategies to overcome them.
Health Concerns,"Involves discussions about health issues such as overweight and high blood pressure, and the desire to manage them."
Procrastination,Discusses the habit of delaying or postponing tasks and the desire to overcome this behavior.
Productivity,Refers to the desire to increase efficiency in work or personal tasks to achieve more in less time.
Motivation and Confidence,"Discusses the level of interest, motivation, and confidence in making a behavioral change."
Goal Setting,Involves the process of defining and planning steps to achieve specific objectives.
Time Management,Discusses strategies to use time more effectively and efficiently.
Support System,Refers to seeking help or support from friends or family in achieving a goal.
Stress Management,Discusses the desire to reduce stress and achieve inner peace through behavioral changes.
Financial Gain,Refers to the desire to increase income or financial rewards through improved productivity.
Self-Reflection,Discusses the process of introspection to understand one's motives and values.
Chatbot Interaction,Refers to the dialogue and interaction with a motivational chatbot for behavioral change.
Meal Planning,Discusses strategies for planning and preparing meals in advance for healthier eating.
Patience,Refers to the willingness to tolerate delay or adversity in the process of achieving a goal.
Task Prioritization,Discusses the process of ranking tasks based on their importance or urgency.
Emotional Response,Discusses the emotional reactions or feelings towards certain tasks or changes.
Habit Formation,Discusses the process of developing new habits or routines for behavioral change.
Resistance to Change,Discusses the challenges or resistance faced when trying to implement new behaviors or habits.
Behavioral Change,"Discusses the process of altering one's actions, habits, or patterns to achieve a desired goal or outcome."
Sustainability,Refers to the practice of living in a way that reduces one's environmental impact for the benefit of the planet and future generations.
Procrastination,"Discusses the act of delaying or postponing tasks, often leading to inefficiency and dissatisfaction."
Motivation,Involves discussions about the drive or desire to achieve a goal or make a change.
Self-Assessment,"Refers to the process of evaluating one's own interests, abilities, and readiness to make a change."
Stress Management,"Discusses strategies for dealing with stress, particularly during periods of significant change or upheaval."
Transportation Choices,"Discusses the impact of transportation decisions, such as car usage, on personal sustainability goals."
Household Cooperation,Discusses the challenges and strategies of implementing changes within a shared living environment.
Self-Confidence,Refers to one's belief in their own abilities to achieve goals or make changes.
ADHD and Productivity,Discusses the impact of Attention Deficit Hyperactivity Disorder (ADHD) on work efficiency and strategies to manage it.
Time Management,Discusses strategies for effectively managing one's time to increase productivity and reduce procrastination.
Goal Setting,Refers to the process of defining and prioritizing objectives to facilitate behavioral change.
Coping with Setbacks,Discusses the normalcy of experiencing setbacks in the process of behavioral change and strategies to deal with them.
Use of Technology for Productivity,"Discusses the use of tools and techniques like To-Do lists, planners, noise-cancelling headphones, and the Pomodoro technique to enhance productivity."
Waste Management,Discusses the role of waste separation in living more sustainably.
Change Resistance,Discusses the challenges and barriers to implementing desired changes.
Life Purpose,Discusses existential questions about the meaning and purpose of life.
Motivational Chatbot Interaction,Discusses the interaction between the user and a motivational chatbot designed to help with behavioral changes.
Healthy Eating Goals,Refers to the user's desire to improve their diet and eat healthier.
Readiness for Change,Discusses the user's level of readiness and motivation to make a behavioral change.
Overcoming Dietary Challenges,"Discusses strategies for overcoming challenges related to changing dietary habits, such as planning meals and resisting temptations."
Procrastination Reduction,Refers to the user's goal to reduce procrastination and improve productivity.
Fear of Failure,Discusses the user's fear of failure as a barrier to implementing behavioral changes.
Analytical Paralysis,"Discusses the user's tendency to overthink tasks, leading to procrastination and inaction."
Use of To-Do Lists,Discusses the user's plan to use to-do lists as a strategy to reduce procrastination and increase organization.
Time Management Techniques,Discusses the use of techniques such as the Pomodoro technique to manage time and reduce procrastination.
Seeking External Support,"Discusses the user's need for external support, such as apps or diet plans, to facilitate behavioral changes."
Long-Term Health Goals,"Discusses the user's long-term goals for health and wellness, including maintaining a healthy diet and leading an active lifestyle."
Lifestyle Changes,Discusses the user's desire to make long-term lifestyle changes for improved health and well-being.
Self-Reflection,"Discusses the process of self-reflection facilitated by the chatbot, helping the user understand their motives and values."
Goal Setting,Discusses the process of setting clear and achievable goals as a strategy for behavioral change.
Fear of Change,Discusses the user's fear or uncertainty about making necessary changes to their behavior or lifestyle.
Behavioral Change,Discusses the desire and process of altering one's actions or habits
Healthy Eating,Involves discussions about the desire to improve dietary habits for health and wellness.
Weight Loss,Refers to the goal of reducing body weight through dietary changes.
Motivation,Discusses the level of enthusiasm or drive towards achieving a specific goal.
Self-Assessment,Involves evaluating one's readiness or confidence in making a behavioral change.
Sustainable Living,Discusses the desire to adopt environmentally friendly habits for the betterment of the planet.
Climate Crisis,Refers to concerns about the environmental impacts of human activities and the desire to mitigate these effects.
Procrastination,Discusses the habit of delaying tasks and the desire to improve productivity.
Social Media Influence,Refers to the impact of social media on behavior and decision-making.
Stress Management,Discusses the impact of stress on behavior and strategies to manage it.
Productivity,Involves discussions about improving efficiency in work or daily tasks.
Fast Fashion,Discusses the environmental impact of the fashion industry and the desire to make more sustainable clothing choices.
Meat Consumption,Refers to the environmental and health impacts of consuming meat and the desire to reduce or eliminate it from one's diet.
Second-Hand Shopping,Discusses the practice of buying used items as a more sustainable alternative to buying new.
Physical Fitness,Refers to the desire to improve physical health and performance through dietary changes.
Self-Reflection,Discusses the process of introspection to understand one's motives and values.
Goal Setting,Involves the process of defining and planning steps to achieve specific objectives.
Coping Strategies,Discusses methods to handle challenging situations or obstacles in achieving goals.
Personal Values,Discusses the underlying beliefs or principles that guide an individual's behavior.
Emotional Well-being,Refers to the importance of feeling comfortable and happy as a result of positive lifestyle changes.
Behavioral Change,"Discusses the process of altering patterns of behavior, often to improve personal health, productivity, or well-being."
Healthy Eating,"Involves discussions about dietary habits, the importance of nutrition, and strategies for improving food choices."
Procrastination,"Refers to the act of delaying or postponing tasks, its impact on productivity, and methods to overcome it."
Motivation,"Discusses the level of interest or enthusiasm towards making a behavioral change, and factors influencing it."
Self-Assessment,"Involves evaluating one's own readiness, confidence, and progress towards achieving a behavioral change."
Social Life and Healthy Eating,Discusses the challenges of maintaining a healthy diet while participating in social events.
Consequences of Unhealthy Eating,"Discusses potential negative outcomes of poor dietary habits, such as weight gain and health problems."
Benefits of Overcoming Procrastination,"Discusses the positive outcomes of reducing procrastination, such as increased productivity and satisfaction."
Goal Setting,"Discusses the importance of setting small, achievable goals as a strategy for behavioral change."
Reward System,Discusses the idea of rewarding oneself after achieving a task as a motivation booster.
Comfort Zone,Discusses the concept of stepping out of one's comfort zone to facilitate change.
Task Management,Discusses strategies for managing and prioritizing tasks to increase productivity and reduce procrastination.
Food Preferences,Discusses the influence of personal food preferences on dietary choices and the challenge of giving up favored unhealthy foods.
External Support,"Discusses the role of external help, such as someone cooking healthier meals, in facilitating dietary changes."
Self-Reflection,"Discusses the process of introspection to understand one's motives, values, and progress towards a goal."
Discipline and Productivity,"Discusses the relationship between self-discipline, procrastination, and productivity."
Health and Well-being,Discusses the impact of dietary habits and procrastination on physical health and emotional well-being.
Behavioral Change Strategies,"Discusses various strategies and steps to facilitate behavioral change, such as setting small goals, rewarding oneself, and seeking external support."
Procrastination,Discusses the desire to reduce procrastination in order to increase productivity and achieve personal or professional goals.
Self-Confidence,Refers to the individual's belief in their ability to make a desired behavioral change.
Motivation,"Discusses the driving force behind wanting to make a behavioral change, often linked to personal or professional success."
Productivity,"Involves discussions about improving work efficiency, often through reducing distractions or implementing new strategies."
Academic Success,Refers to the desire to improve study habits and grades in order to achieve a higher degree.
Digital Distractions,"Discusses the role of digital platforms, such as social media and other apps, in contributing to procrastination."
Personal Well-being,"Refers to the impact of behavioral changes on personal happiness, satisfaction, and overall health."
Healthy Eating,Discusses the desire to improve dietary habits for better physical health.
Self-Realization,Refers to the desire to fulfill one's potential or achieve personal goals.
Financial Stability,Discusses the importance of finding a profitable passion or career path.
Creative Interests,"Refers to personal hobbies or passions, such as painting or reading, and their potential to become a career."
Market Saturation,Discusses the challenges of finding a unique and profitable niche in a crowded market.
Risk-Taking,Refers to the willingness to take chances in order to achieve personal or professional goals.
Work-Life Balance,Discusses the struggle to balance professional responsibilities with personal needs and leisure activities.
Guilt and Rest,"Discusses the feelings of guilt associated with taking breaks or resting, often perceived as procrastination."
Morning Routine,Refers to the desire to improve productivity and efficiency in the morning hours.
Task Management,Discusses strategies for managing and completing accumulated tasks to reduce feelings of overwhelm.
Sustainable Living,"Discusses the desire and strategies to adopt a lifestyle that reduces one's environmental impact, including driving less and buying regional products."
Overcoming Obstacles,"Addresses the challenges faced when trying to make behavioral changes and strategies to overcome them, such as using a bike in bad weather."
Procrastination,"Covers the struggle with delaying or postponing tasks, its impact on productivity, and strategies to manage it."
Time Management,Discusses the use of techniques like the Pomodoro method to manage time effectively and reduce procrastination.
Career Advancement,Discusses the desire to improve productivity and concentration to achieve career goals.
Healthy Eating,"Discusses the desire to adopt a healthier diet, challenges faced, and strategies to stay motivated, including setting realistic goals and finding healthy alternatives to favorite foods."
Weight Management,"Discusses the impact of diet on weight and overall energy levels, and the desire to make changes for better health."
Motivation for Change,"Discusses the need for motivation in implementing behavioral changes, including setting up meal plans or visualizing goals."
Physical Fitness,Discusses the desire to allocate more time to physical activities like sports or training for a marathon.
Self-confidence,"Discusses the impact of achieving personal goals, like completing a half marathon, on self-confidence and self-assurance."
Distraction Management,"Discusses strategies to manage distractions, such as creating a quiet, disturbance-free environment for focused work."
Goal Setting,Discusses the importance of setting realistic and achievable goals as a part of behavioral change strategies.
Procrastination,"Discusses the desire to delay or postpone tasks, often leading to decreased productivity and efficiency."
Productivity,"Refers to the ability to accomplish tasks efficiently and effectively, often in a work or academic context."
Distractions,"Discusses elements or activities that divert attention away from the task at hand, such as mobile phones or other enjoyable activities."
Time Management Techniques,"Discusses strategies for managing time effectively, such as the Pomodoro technique or setting specific working hours."
Motivation,"Refers to the drive or desire to achieve a goal or make a behavioral change, often influenced by personal values and experiences."
Self-Reflection,"Discusses the process of thinking about one's own behaviors, attitudes, and values to understand and improve oneself."
Healthy Eating,"Discusses the desire to improve diet and nutrition, often with the goal of improving overall health."
Confidence in Change,Refers to the level of certainty or belief in one's ability to successfully make a desired behavioral change.
Goal Setting,"Discusses the process of defining and working towards specific, achievable objectives."
Self-Improvement,"Refers to the desire to enhance one's skills, knowledge, or personal qualities."
Frustration,"Discusses feelings of dissatisfaction or annoyance, often resulting from unmet expectations or goals."
Learning and Development,"Refers to the process of acquiring new knowledge or skills, often for personal or professional growth."
Discipline,"Discusses the practice of training oneself to follow rules or a code of behavior, often to achieve a personal goal."
Environment Design,Discusses the process of arranging or modifying one's physical surroundings to support desired behaviors or goals.
Organic Products,"Discusses the preference for foods produced without the use of synthetic pesticides, fertilizers, or genetically modified organisms."
Meal Preparation,"Discusses the practice of planning and preparing meals in advance, often to support a healthy diet."
Reward System,Discusses the use of rewards or incentives to motivate desired behaviors or achieve goals.
Study Habits,Discusses strategies and routines for effective learning and academic success.
Comparison with Others,"Discusses the tendency to compare one's progress or achievements with those of others, often leading to feelings of frustration or inadequacy."
Behavioral Change,"Discusses the process of altering one's behaviors or habits, often to improve personal wellbeing or achieve a specific goal."
Procrastination,Discusses the desire to reduce procrastination in order to increase productivity and effectively manage time.
Motivation,"Refers to the level of readiness and enthusiasm towards making a behavioral change, and strategies to increase motivation."
Self-Assessment,Involves evaluating one's readiness and confidence to make a behavioral change on a scale from 0 to 10.
Healthy Eating,"Discusses the desire to adopt healthier eating habits, reasons for this change, and strategies to achieve it."
Weight Loss,Refers to the goal of losing weight through healthier eating habits.
Stress Management,Discusses the impact of stress on the ability to maintain healthy eating habits and strategies to manage it.
Meal Planning,"Involves planning meals in advance as a strategy to maintain a healthy diet, especially during stressful times."
Fast Food Consumption,Discusses the desire to reduce fast food consumption as part of a healthier diet.
Behavioral Change,"Refers to the process of changing one's behavior, the challenges faced, and strategies to overcome them."
Goal Setting,Involves setting clear and achievable goals as a strategy to motivate behavioral change.
Professional Support,"Discusses the potential need for professional help, such as a nutritionist or coach, to facilitate behavioral change."
Self-Reflection,"Refers to the process of reflecting on one's behavior, motives, and values to understand and facilitate behavioral change."
Habit Formation,Discusses the difficulty of breaking bad habits and forming new ones as part of behavioral change.
Productivity,Refers to the desire to increase productivity by reducing procrastination and effectively managing time.
Motivational Chatbot Interaction,Discusses the role of a motivational chatbot in facilitating self-reflection and planning for behavioral change.
Behavioral Change,"Discusses the process of identifying, understanding, and modifying behaviors, often with the aim of improving personal well-being or achieving specific goals."
Healthy Eating,"Refers to discussions about dietary habits, nutritional choices, and the desire to improve one's diet for better health and well-being."
Motivation and Confidence,"Involves discussions about the level of interest, readiness, and confidence in making a behavioral change."
Impact of Unhealthy Diet,"Discusses the negative effects of poor nutrition on physical health and well-being, including fatigue and susceptibility to diseases."
Gradual Change,"Discusses the strategy of implementing changes slowly and steadily, rather than making drastic changes all at once."
Procrastination,"Refers to the act of delaying or postponing tasks, and the desire to reduce this behavior to improve productivity and efficiency."
Time Management,"Discusses the importance of effectively managing one's time to achieve goals, reduce stress, and improve overall life satisfaction."
Self-Reflection,"Involves introspective discussions about personal attitudes, values, and experiences related to behavioral change."
Goal Setting,"Discusses the process of defining and planning steps to achieve specific, personal objectives."
Impact of Procrastination,"Discusses the negative effects of procrastination on personal efficiency, time management, and the achievement of goals."
Overcoming Challenges,Discusses strategies and experiences related to overcoming obstacles or difficulties in the process of behavioral change.
Prioritization,Discusses the process of determining the order and importance of tasks to improve productivity and reduce procrastination.
Lifestyle Changes,Discusses changes in daily routines or habits with the aim of improving personal well-being or achieving specific goals.
Personal Fulfillment,"Discusses the pursuit of activities that bring satisfaction and happiness, often in the context of achieving a healthier, more balanced lifestyle."
Family and Social Relationships,"Discusses the importance of spending quality time with family and friends, and the impact of behavioral changes on these relationships."
Leisure Activities,Discusses the importance of recreational activities for personal fulfillment and well-being.
Focus and Concentration,Discusses the importance of maintaining focus and concentration in order to reduce procrastination and improve productivity.
Procrastination,"Discusses the desire to reduce procrastination, strategies to overcome it, and the impact of procrastination on work productivity and personal satisfaction."
Motivation for Change,"Explores the individual's motivation level to implement a behavioral change, including their readiness and interest in making the change."
Goal Setting,"Involves discussions about setting small, achievable goals as a strategy to combat procrastination and improve productivity."
Self-Assessment,"Refers to the process of evaluating one's own behavior, progress, and challenges in the journey towards behavioral change."
Distractions,"Discusses the role of distractions, particularly mobile phones, in hindering productivity and contributing to procrastination."
Strategy Implementation,Discusses the practical steps and strategies to implement in order to achieve a desired behavioral change.
Self-Reward,Discusses the idea of rewarding oneself as a motivational strategy to achieve small goals and make progress.
Seeking Help,Discusses the idea of seeking help from others as a strategy to overcome challenges and achieve behavioral change.
Healthy Eating,"Discusses the desire to adopt healthier eating habits, challenges in reducing sugar intake, and the goal of weight loss."
Emotional Connection to Food,"Discusses the emotional aspect of eating, particularly the use of sweets as a reward or stress reliever."
Habit Formation,"Discusses the formation and impact of long-term habits, such as evening routines involving sweets."
Finding Alternatives,Discusses the challenge of finding healthier alternatives that are as satisfying as the current unhealthy choices.
Behavioral Change,"Discusses the process of identifying, understanding, and modifying behaviors, often with the aim of improving personal well-being or achieving specific goals."
Procrastination,"Refers to the act of delaying or postponing tasks, often leading to inefficiency and stress."
Motivation,"Discusses the psychological factors that drive individuals to initiate, continue, or cease certain behaviors."
Self-Efficacy,Refers to an individual's belief in their ability to succeed in specific situations or accomplish a task.
Sustainable Living,Discusses the practice of reducing one's use of natural resources to protect the environment for future generations.
Healthy Eating,"Involves discussions about dietary habits, nutritional choices, and the impact of food on health and well-being."
Learning Strategies,Discusses various methods and techniques used to enhance learning and improve academic performance.
Social Media Distraction,"Refers to the impact of social media on attention and productivity, often leading to procrastination."
Fear of Missing Out,"Discusses the anxiety that an exciting or interesting event may currently be happening elsewhere, often aroused by posts seen on social media."
Reward Systems,Discusses the use of rewards or incentives to motivate behavior change and achieve personal goals.
Self-Reflection,"Refers to the process of thinking about one's own behaviors, beliefs, and motivations to gain self-awareness and promote personal growth."
Goal Setting,"Discusses the process of identifying specific, measurable, achievable, relevant, and time-bound (SMART) goals to facilitate behavior change."
Fear of Future Health Problems,Discusses the anxiety about potential health issues in the future due to current unhealthy behaviors.
Time Management,Refers to the process of organizing and planning how to divide your time between specific activities to increase efficiency and productivity.
Self-Perception,"Discusses how individuals perceive their own behaviors, characteristics, and abilities."
Role of Technology in Productivity,"Discusses the impact of technology, particularly mobile phones, on work efficiency and productivity."
Peer Support,Discusses the role of social support in motivating and sustaining behavior change.
Fear of Change,Discusses the anxiety or apprehension individuals may feel when considering or facing changes in their lives.
Personal Values,Discusses the principles or standards of behavior that individuals consider important in their lives.
Self-Improvement,"Discusses the process of making changes to one's knowledge, skills, habits, or behaviors in order to enhance personal development and achieve desired goals."
Healthy Eating,"Discusses the desire to improve dietary habits, the challenges faced in doing so, and strategies for achieving healthier eating."
 Weight Loss,"Refers to the goal of losing weight, the motivations behind it, and the steps taken towards achieving it."
Procrastination,"Covers the desire to reduce procrastination, the impact of procrastination on work efficiency, and strategies to overcome it."
Work Efficiency,"Discusses the importance of being more productive and efficient at work, and the steps taken to achieve this."
Sustainable Living,"Refers to the desire to live more sustainably, the reasons behind this choice, and the challenges faced in implementing sustainable practices."
Environmental Awareness,Discusses the understanding of the impact of personal behaviors on the environment and the desire to mitigate these effects.
Motivation and Confidence,"Covers the level of motivation and confidence in making behavioral changes, and the factors influencing these feelings."
Goal Setting,"Discusses the process of setting specific, achievable goals as a strategy for behavioral change."
Self-Assessment,"Refers to the process of evaluating one's own behaviors, attitudes, and values in relation to desired behavioral changes."
Time Management,"Discusses the challenges of managing time effectively, particularly in relation to work commitments and personal goals."
Guilt and Emotional Response,"Covers feelings of guilt and emotional discomfort as a result of certain behaviors, such as procrastination."
Public Transport,Discusses the use of public transport as a more sustainable alternative to personal vehicles.
Dietary Planning,Refers to the creation and implementation of a diet plan as a strategy for healthier eating.
Physical Limitations,"Discusses the impact of physical restrictions on the ability to make certain behavioral changes, such as using sustainable transport options."
Behavioral Change,"Covers the overall theme of wanting to change certain behaviors, the motivations behind these changes, and the strategies used to achieve them."
