chat_id,assigned_topics
1.0,"Topic: Procrastination  
Quote: ""I want to procrastinate less.""

Topic: Self-Reflection  
Quote: ""Please think carefully about my questions and see them primarily as thought impulses that bring you mentally closer to your goal.""

Topic: Emotional Well-being  
Quote: ""It sounds like you want a higher quality of life and think that less procrastination could contribute to it.""

Topic: Family and Social Relationships  
Quote: ""So you would like to spend more time with your loved ones if you were to procrastinate less."""
2.0,"Topic: Procrastination  
Quote: ""I see the importance, but I can't catch up.""

Topic: Goal Setting  
Quote: ""It can be helpful to set smaller, achievable goals.""

Topic: Patience  
Quote: ""Stay patient with yourself and celebrate small successes."""
3.0,"Topic: Procrastination  
Quote: ""I'm unproductive and I need longer than I need to do my job. If I could change that, I'd have more free time.""

Topic: Goal Setting  
Quote: ""I would be totally proud of myself because I made a half marathon, which would give me a lot of self-confidence and the assurance that I can achieve goals if I just want to."" 

Topic: Self-Reflection  
Quote: ""You have recognized the problem of procrastination and want to work on being more productive to have more leisure time."""
4.0,"Topic: Healthy Eating  
Quote: ""I want to change my diet in the long term to become fitter and healthier.""

Topic: Fear of Failure  
Quote: ""I'm not sure I can do it"""
5.0,"Topic: Healthy Eating  
Quote: ""I want to eat healthier.""  

Topic: Weight Loss  
Quote: ""I am overweight and want to lose weight, but I want to eat healthy in the long term.""  

Topic: Self-Reflection  
Quote: ""You've already realized that you could do more, but you've also taken some steps to change your eating habits.""  

Topic: Goal Setting  
Quote: ""Perhaps you could set yourself the next goal to inform yourself about healthy alternatives within the next week and create a simple diet plan.""  

Topic: Behavioral Change  
Quote: ""Your desire to eat healthy in the long term is very important to you â€“ you rated it with a 9 out of 10.""  "
6.0,"Topic: Procrastination  
Quote: ""Because she prevents me from doing things and relaxing after that.""

Topic: Self-Reflection  
Quote: ""It's important to me, but I still can't catch up."""
7.0,"Topic: Healthy Eating  
Quote: ""I want to eat less sugar and lose some weight so that the pants fit better.""

Topic: Emotional Connection to Food  
Quote: ""The stressful day is over and I treat myself to something delicious.""

Topic: Self-Reflection  
Quote: ""I hope it helped you at least to get a little closer to your goal."""
8.0,"Topic: Healthy Eating  
Quote: ""In recent times, I have been feeding myself unhealthyly and I want to change this behavior to improve my health.""

Topic: Goal Setting  
Quote: ""Starting with small, easy-to-use goals is a good idea."""
9.0,"Topic: Procrastination  
Quote: ""I often take care of important things, and then I don't make it, so I often feel guilty.""

Topic: Self-Reflection  
Quote: ""It shows that you are able to recognize and question your patterns."""
10.0,"Topic: Procrastination  
Quote: ""I want to procrastinate less.""

Topic: Self-Reflection  
Quote: ""I'm not here to give you tips or recommendations for action, but to get clear about your motives and values."" 

Topic: Goal Setting  
Quote: ""I always set small goals at work and reach them gradually."" 

Topic: Productivity  
Quote: ""I think I'm more productive than I've ever been before."""
11.0,"Topic: Procrastination  
Quote: ""I want to procrastinate less""  
Quote: ""It restricts me at work and reduces my productivity""  
Quote: ""Tasks where I don't know how to start or problems for which I don't have a specific idea for a solution""  

Topic: Self-Reflection  
Quote: ""Can you tell me something about why this change is important to you?""  
Quote: ""Why didn't you give a higher or lower value?""  
Quote: ""It is a first important step that you have realized that a change would make sense""  "
12.0,"Topic: Procrastination  
Quote: ""I want to procrastinate less""

Topic: Motivation and Confidence  
Quote: ""It's great to hear that you're so motivated to reduce your procrastination.""

Topic: Distraction Management  
Quote: ""What could prevent you from procrastinate less? My cell phone for example""

Topic: Behavioral Change  
Quote: ""Taking concrete, feasible steps is an important part of the process."""
13.0,"Topic: Healthy Eating  
Quote: ""I have been eating rather unhealthy for a long time and also suffer from obesity.""

Topic: Self-Reflection  
Quote: ""Can you tell me something about why this change is important to you?""

Topic: Behavioral Change  
Quote: ""My goal is to help you reflect on your behavior and help you develop a plan for your behavioral change."""
14.0,"Topic: Procrastination  
Quote: ""I have often tried to get this problem under control, but I have only managed sporadically so far.""

Topic: Discipline  
Quote: ""Building discipline can indeed be very helpful to overcome procrastination.""

Topic: Goal Setting  
Quote: ""It might be helpful to start small and set specific goals.""

Topic: Gradual Change  
Quote: ""It's about seeing a general trend of improvement."""
15.0,"Topic: Fear of Failure  
Quote: ""Because I know from the past how difficult it is to change his behavior. In the short term it may work, but in the long term I often fall into old behavior patterns""

Topic: Healthy Eating  
Quote: ""I want to eat healthier""  

Topic: Self-Reflection  
Quote: ""Please think back to the time when you managed to feed yourself healthy.""  

Topic: Discipline  
Quote: ""Above all, it was the discipline that helped, but that usually only works if you don't have so much stress.""  "
16.0,"Topic: Procrastination  
Quote: ""I don't think I can fully exploit my potential because I do a lot of tasks at the last minute, so I don't have time for revisions.""

Topic: Self-Reflection  
Quote: ""I always think extremely long and detailed about the tasks to be done and mentally go through all possible difficulties that could occur during the actual processing."""
17.0,"Topic: Healthy Eating  
Quote: ""I want to eat healthier.""

Topic: Weight Loss  
Quote: ""I want to lose weight and generally feel more comfortable and fitter.""

Topic: Motivation and Confidence  
Quote: ""I'm already very motivated. This is great!""

Topic: Stress Management  
Quote: ""My thoughts and stress."""
18.0,"Topic: Fear of Failure  
Quote: ""I have tried several times unsuccessfully to change my diet. I usually do this for a few weeks, but then I fall back into old patterns again.""

Topic: Self-Reflection  
Quote: ""I have noticed that I haven't been eating well enough for some time. I would like to change that to maintain my health.""

Topic: Behavioral Change  
Quote: ""It is not unusual that behavioral changes take time and sometimes also several attempts.""

Topic: Motivation and Confidence  
Quote: ""A strong will is certainly important."""
19.0,"Topic: Procrastination  
Quote: ""I want to procrastinate less.""

Topic: Self-Reflection  
Quote: ""Please think carefully about my questions and see them primarily as thought impulses that bring you mentally closer to your goal.""

Topic: Behavioral Change  
Quote: ""My goal is to help you reflect on your behavior and help you develop a plan for your behavioral change.""

Topic: Motivation and Confidence  
Quote: ""I could be more content, more self-confidence and trust in my own discipline and productivity."""
21.0,"Topic: Healthy Eating  
Quote: ""I often don't feel well and my KFA is too high""

Topic: Self-Reflection  
Quote: ""What do you think the biggest challenges for you might be to eat healthier?""

Topic: Behavioral Change  
Quote: ""You are ready to make some changes and have already informed yourself well."""
22.0,"Topic: Procrastination  
Quote: ""I want to procrastinate less""  

Topic: Behavioral Change  
Quote: ""My goal is to help you reflect on your behavior and help you develop a plan for your behavioral change.""  

Topic: Motivation and Confidence  
Quote: ""So you're positive about this change overall.""  "
23.0,"Topic: Healthy Eating  
Quote: ""I want to eat healthier.""

Topic: Emotional Connection to Food  
Quote: ""Food is a reward for me, for example, after a long working day.""

Topic: Self-Reflection  
Quote: ""Your willingness to face these difficulties and overcome them is proof of your strength and determination."""
24.0,"Topic: Procrastination  
Quote: ""I want to procrastinate less""  

Topic: Self-Reflection  
Quote: ""Because life is short""  

Topic: Motivation and Confidence  
Quote: ""Your willingness to tackle this change is currently evaluated with a 4 on a scale from 0 to 10.""  "
25.0,"Topic: Procrastination  
Quote: ""I'm very motivated and structured in other areas of life and I don't postpone anything, but I don't always succeed in working.""

Topic: Motivation and Confidence  
Quote: ""Because I'm very motivated and structured in other areas of life and I don't postpone anything, but I don't always succeed in working.""

Topic: Goal Setting  
Quote: ""So you plan to write an application to change department. That sounds like a concrete and realistic step."""
26.0,"Topic: Healthy Eating  
Quote: ""I want to eat healthier.""

Topic: Self-Reflection  
Quote: ""It seems as if you have already dealt with the subject a lot, but need some support.""

Topic: Seeking External Support  
Quote: ""A diet plan might be helpful to you.""

Topic: Goal Setting  
Quote: ""The best thing that could happen to you would be to develop a healthy food style and maintain it in the long term."""
27.0,"Topic: Healthy Eating  
Quote: ""So you want to eat healthier. Can you tell me something about why this change is important to you?""

Topic: Motivation and Confidence  
Quote: ""I wanted to select a 6 but the scale has spun but I like to work on myself but it should not take my life completely""

Topic: Self-Reflection  
Quote: ""So you're motivated to eat healthier, but you also want it to fit in your lifestyle and not take it all over. That's a very sensible approach."""
28.0,"Topic: Procrastination  
Quote: ""I'm already trying, but I can't always do it.""

Topic: Self-Reflection  
Quote: ""Can you tell me something about why this change is important to you?""

Topic: Motivation and Confidence  
Quote: ""So you're positive about this change overall.""

Topic: Behavioral Change  
Quote: ""What behavioral change do you want to talk about today?"""
29.0,"Topic: Behavioral Change  
Quote: ""I want to procrastinate less""

Topic: Self-Reflection  
Quote: ""Please think carefully about my questions and see them primarily as thought impulses that bring you mentally closer to your goal."""
31.0,"Topic: Healthy Eating  
Quote: ""It's important to me since I've recently let my diet grind and would like to get back on track.""

Topic: Goal Setting  
Quote: ""I could use specific goals sentences e.g. a desire weight or fast food only once a week, these goals I could stick as a sticker to the fridge.""

Topic: Financial Stability  
Quote: ""I could suffer cravings or lose motivation, the money could also play a role because many healthy producers are not cheap either."""
32.0,"Topic: Self-Reflection  
Quote: ""Please think carefully about my questions and see them primarily as thought impulses that bring you mentally closer to your goal.""

Topic: Sustainability  
Quote: ""So you want to live more sustainably. Can you tell me something about why this change is important to you?""

Topic: Environment Design  
Quote: ""Perhaps you could consider using public transport, walking or using a bicycle if this is possible and safe."""
33.0,"Topic: Healthy Eating  
Quote: ""So you want to eat healthier. Can you tell me something about why this change is important to you?""

Topic: Weight Loss  
Quote: ""For weight loss, so that I feel more comfortable in my body - but also because my health is important to me.""

Topic: Self-Reflection  
Quote: ""I'm not here to give you tips or recommendations for action, but to get clear about your motives and values."""
36.0,"Topic: Healthy Eating  
Quote: ""I want to eat healthier""  

Topic: Emotional Connection to Food  
Quote: ""I like to eat sweet stuff and greasy""  

Topic: Weight Loss  
Quote: ""Weight loss, better well-being""  "
37.0,"Topic: Climate Crisis  
Quote: ""I know that driving a car is harmful to the environment, so it would be better to switch to public transport.""

Topic: Self-Reflection  
Quote: ""As a young person, I see it as my duty to be 'better' than the previous generations to at least mitigate the effects of climate change.""

Topic: Gradual Change  
Quote: ""Every small step counts and can contribute to a bigger change.""

Topic: Environment Design  
Quote: ""It is important that you go at your pace and do only what is feasible and useful for you."""
38.0,"Topic: Healthy Eating  
Quote: ""I feel better when I have a well-worn diet.""

Topic: Self-Reflection  
Quote: ""Please think carefully about my questions and see them primarily as thought impulses that bring you mentally closer to your goal."""
39.0,"Topic: Procrastination  
Quote: ""I'd like to work more efficiently and create more.""

Topic: Motivation and Confidence  
Quote: ""How confident are you on a scale from 0 (not at all) to 10 (very) that you can make this change? 7""

Topic: Goal Setting  
Quote: ""The prospect of good results is a motivation factor for you. What does a 'good result' mean for you?"""
40.0,"Topic: Procrastination  
Quote: ""I want to procrastinate less""  
Quote: ""I actually wanted to enter 5 but the interface is buggy""  
Quote: ""What could be the benefits if you were to procrastinate less?""  
Quote: ""Habits can be hard to break and laziness can sometimes stand in our way.""

Topic: Self-Reflection  
Quote: ""It's a good start that you're aware that you want to procrastinate less.""  
Quote: ""What do you think may be possible obstacles on your way to change?"""
41.0,"Topic: Healthy Eating  
Quote: ""I want to eat healthier.""  

Topic: Self-Reflection  
Quote: ""Please think carefully about my questions and see them primarily as thought impulses that bring you mentally closer to your goal.""  

Topic: Motivation and Confidence  
Quote: ""A 9, that's impressive. Your motivation and your desire for change are obviously very strong.""  

Topic: Emotional Well-being  
Quote: ""Bad nutrition has a negative effect on my well-being and my body.""  

Topic: Goal Setting  
Quote: ""Please tell me again what your next step will be concrete."""
42.0,"Topic: Procrastination  
Quote: ""I feel like I'm getting distracted too easily. I want to enjoy my free time, but also make progress with my work.""

Topic: Behavioral Change  
Quote: ""My goal is to help you reflect on your behavior and help you develop a plan for your behavioral change.""

Topic: Motivation and Confidence  
Quote: ""How confident are you on a scale from 0 (not at all) to 10 (very) that you can make this change? 8"""
43.0,"Topic: Procrastination  
Quote: ""I want to procrastinate less""  
Quote: ""So you want to procrastinate less. Can you tell me something about why this change is important to you?""  
Quote: ""I'd like to change something, but I don't have the ambition. It's not as important to me as it is.""  

Topic: Self-Reflection  
Quote: ""It requires a lot of self-confidence and maturity to allow and express this kind of self-knowledge.""  
Quote: ""You are aware of your situation and realize that a change is necessary."""
44.0,"Topic: Procrastination  
Quote: ""I want to procrastinate less""  

Topic: Self-Reflection  
Quote: ""It's important to me because it puts me under time pressure""  

Topic: Goal Setting  
Quote: ""It can be helpful to set small, achievable goals.""  

Topic: Support System  
Quote: ""If you need support or just need someone to talk to, I'm here for you.""  "
45.0,"Topic: Procrastination  
Quote: ""I want to procrastinate less""  
Quote: ""because I've already tried but distracted me with my own thoughts despite the lack of devices""  

Topic: Self-Reflection  
Quote: ""Please think carefully about my questions and see them primarily as thought impulses that bring you mentally closer to your goal""  
Quote: ""Please tell me more about your attitude. Why didn't you give a higher or lower value?""  

Topic: Behavioral Change  
Quote: ""My goal is to help you reflect on your behavior and help you develop a plan for your behavioral change""  
Quote: ""What behavioral change do you want to talk about today?""  "
48.0,"Topic: Procrastination  
Quote: ""Because I work inefficiently and let myself be distracted.""

Topic: Self-Reflection  
Quote: ""I want to change it, but I don't know exactly how."""
49.0,"Topic: Healthy Eating  
Quote: ""So you want to eat healthier. Can you tell me something about why this change is important to you?""

Topic: Self-Reflection  
Quote: ""Please think carefully about my questions and see them primarily as thought impulses that bring you mentally closer to your goal.""

Topic: Goal Setting  
Quote: ""Could you tell me more about what measures you are already implementing and where exactly you are going to do it?""

Topic: Support System  
Quote: ""I could use tips on how to motivate myself"""
50.0,"Topic: Procrastination  
Quote: ""I want to procrastinate less""

Topic: Motivation and Confidence  
Quote: ""How confident are you on a scale from 0 (not at all) to 10 (very) that you can make this change? 10""

Topic: Self-Reflection  
Quote: ""Please think carefully about my questions and see them primarily as thought impulses that bring you mentally closer to your goal."""
51.0,"Topic: Procrastination  
Quote: ""I want to procrastinate less because I want to achieve more in my time.""

Topic: Motivation and Confidence  
Quote: ""How ready are you to perform this change on a scale from 0 (not at all) to 10 (very)? 10"""
52.0,"Topic: Procrastination  
Quote: ""I want to procrastinate less""  

Topic: Self-Reflection  
Quote: ""Can you tell me something about why this change is important to you?""  

Topic: Discipline  
Quote: ""Improve discipline and quality of life""  

Topic: Emotional Well-being  
Quote: ""You get lazy, powerless and unhappy.""  

Topic: Goal Setting  
Quote: ""Your next step will be to create a plan when you do what things.""  "
53.0,"Topic: Healthy Eating  
Quote: ""I want to eat healthier.""

Topic: Self-Reflection  
Quote: ""My goal is to make my diet healthier in the long term.""

Topic: Weight Loss  
Quote: ""That I lose weight and feel generally fitter and more comfortable in my body."""
55.0,"Topic: Procrastination  
Quote: ""I want to procrastinate less. So you want to procrastinate less.""

Topic: Fear of Failure  
Quote: ""I want to achieve more and have less fears of failure.""

Topic: Goal Setting  
Quote: ""Get up early and create a to-do list can help you structure your day and Pomodoro technology can actually help increase productivity and reduce procrastination."""
56.0,"Topic: Procrastination  
Quote: ""I have a bad conscience because I can't concentrate enough on my work. I keep drifting away and doing other things instead, because I work in the home office.""

Topic: Self-Reflection  
Quote: ""So you acknowledge that, despite your tendency to procrastination, you are able to do work."""
57.0,"Topic: Procrastination  
Quote: ""I personally constantly postpone too many things, you are really important to me.""

Topic: Self-Reflection  
Quote: ""I have a longing for the results that this change could bring.""

Topic: Behavioral Change  
Quote: ""You have a clear goal in mind, but you are also satisfied with your current state."""
58.0,"Topic: Procrastination  
Quote: ""I always delay fees in the university very much, so that I then have to do a lot panicically on the last pusher, sometimes then work through for days to get homework done and that makes me feel bad every time.""

Topic: Self-Reflection  
Quote: ""It seems as if you are aware that procrastinating causes stress in your life, but you still have concerns about whether you have enough resources to change your behavior."""
59.0,"Topic: Self-Reflection  
Quote: ""Every journey starts with the first step and it's important that you take the time to explore your thoughts and feelings about this change.""

Topic: Sustainability  
Quote: ""So you want to live more sustainably.""

Topic: Support System  
Quote: ""That sounds like a challenge. It can be difficult to implement changes if not all of them are in the household, but don't let us be discouraged."""
60.0,"Topic: Healthy Eating  
Quote: ""I want to eat healthier.""

Topic: Weight Loss  
Quote: ""I'd like to do something for my body and lose weight.""

Topic: Self-Reflection  
Quote: ""Your own initiative to inform you and deal with the topic speaks for your determination and commitment."""
61.0,"Topic: Fear of Failure  
Quote: ""I am afraid that I will not like the necessary changes, so my motivation is not higher.""

Topic: Sustainability  
Quote: ""Since I am aware that I have to change my actions, because we have already exploited our planet too much.""  

Topic: Behavioral Change  
Quote: ""It is often difficult to make behavioral changes if our environment does not move along.""  

Topic: Environment Design  
Quote: ""There are ways you can still initiate the desired changes.""  

Topic: Meat Consumption  
Quote: ""Less driving, less flying, less eating meat""  "
62.0,"Topic: Healthy Eating  
Quote: ""I want to eat healthier.""

Topic: Weight Loss  
Quote: ""I want to lose weight and think a healthier diet is a start.""

Topic: Self-Reflection  
Quote: ""Please think carefully about my questions and see them primarily as thought impulses that bring you mentally closer to your goal."""
63.0,"Topic: Healthy Eating  
Quote: ""I want to eat healthier.""

Topic: Self-Reflection  
Quote: ""Can you tell me something about why this change is important to you?""

Topic: Goal Setting  
Quote: ""How can I permanently integrate healthy eating into my busy daily life?""

Topic: Motivation and Confidence  
Quote: ""So you're positive about this change overall."""
64.0,"Topic: Fear of Failure  
Quote: ""How confident are you on a scale from 0 (not at all) to 10 (very) that you can make this change? 0""

Topic: Healthy Eating  
Quote: ""So you want to eat healthier. Can you tell me something about why this change is important to you?"""
65.0,"Topic: Procrastination  
Quote: ""Because I realize that procrastinating prevents me from doing good work. I always put on tasks until the end and then I have to hurry to create them.""

Topic: Goal Setting  
Quote: ""Targets should be specific, measurable, achievable, realistic and timed.""

Topic: Seeking External Support  
Quote: ""I don't know, so I need help."""
66.0,"Topic: Procrastination  
Quote: ""I want to procrastinate less.""  
Quote: ""When I work productively, I have a good feeling at the end of the day.""

Topic: Self-Reflection  
Quote: ""Please think carefully about my questions and see them primarily as thought impulses that bring you mentally closer to your goal.""  
Quote: ""It is clear that you have other priorities in your life, but you also recognize the importance of procrastination."""
67.0,"Topic: Healthy Eating  
Quote: ""I want to eat healthier.""

Topic: Weight Loss  
Quote: ""I want to lose weight and deal better with my body.""

Topic: Self-Reflection  
Quote: ""Please think carefully about my questions and see them primarily as thought impulses that bring you mentally closer to your goal."""
69.0,"Topic: Procrastination  
Quote: ""I can't concentrate. I get distracted often and as a result I have procrastination.""

Topic: Motivation and Confidence  
Quote: ""How confident are you on a scale from 0 (not at all) to 10 (very) that you can make this change? 6""

Topic: Goal Setting  
Quote: ""What could motivate you to move more towards change deadlines probably or a concrete plan with recommendations for action""

Topic: Self-Reflection  
Quote: ""When you think back to this time, what worked differently back then"""
70.0,"Topic: Healthy Eating  
Quote: ""I want to eat healthier.""  
Quote: ""I want to lose weight and improve my health.""  
Quote: ""You have started to eat more regularly, eat less carbohydrates and fatty foods.""

Topic: Goal Setting  
Quote: ""You have a strong desire to eat healthier to lose weight and improve your health.""  
Quote: ""Your current interest in this change is very high, which is shown by the fact that you have already taken some steps in this direction."""
71.0,"Topic: Procrastination  
Quote: ""I find it very difficult to complete projects.""

Topic: Behavioral Change  
Quote: ""My goal is to help you reflect on your behavior and help you develop a plan for your behavioral change."""
72.0,"Topic: Procrastination  
Quote: ""Because I feel like I can't do anything anymore and just let myself be distracted all day.""

Topic: Self-Reflection  
Quote: ""It's quite natural that you feel that way. It's your decision when and how you want to start this path."""
73.0,"Topic: Healthy Eating  
Quote: ""I want to eat healthier""  
Quote: ""Fruits and vegetables are rich in vitamins and minerals and can help you feel full without taking too many calories.""

Topic: Self-Reflection  
Quote: ""This is a very honest self-reflection.""  
Quote: ""It seems that you're willing to change something, but maybe you need some support to know how to proceed."""
74.0,"Topic: Procrastination  
Quote: ""I want to procrastinate less.""

Topic: Self-Reflection  
Quote: ""Progress is more visible to me on individual projects, harder on the general attitude, because this can change over and over again."""
75.0,"Topic: Procrastination  
Quote: ""I want to procrastinate less.""

Topic: Fear of Failure  
Quote: ""I stay behind the achievements of my age group and feel like a failure.""

Topic: Behavioral Change  
Quote: ""My goal is to help you reflect on your behavior and help you develop a plan for your behavioral change.""

Topic: Self-Reflection  
Quote: ""Please think carefully about my questions and see them primarily as thought impulses that bring you mentally closer to your goal."""
76.0,"Topic: Procrastination  
Quote: ""I want to procrastinate less.""

Topic: Self-Reflection  
Quote: ""Please think carefully about my questions and see them primarily as thought impulses that bring you mentally closer to your goal.""

Topic: Goal Setting  
Quote: ""What would be the best thing that could happen if you stopped procrastinating? More Time for the Essentials""

Topic: Emotional Well-being  
Quote: ""More Time for the Essentials"""
80.0,"Topic: Healthy Eating  
Quote: ""So I can feel better and maybe lose some weight""

Topic: Fear of Failure  
Quote: ""I've tried it before, but I've never gone through with it."""
81.0,"Topic: Procrastination  
Quote: ""I'm pretty productive compared to others, but I'm still procrastinating when it comes to learning or self-development.""

Topic: Self-Reflection  
Quote: ""You have found that you are procrastinating when it comes to dealing with your learning material at home.""

Topic: Fear of Failure  
Quote: ""Your statements suggest that you are afraid to have less fun and to revise yourself if you procrastinate less."""
83.0,"Topic: Healthy Eating  
Quote: ""I want to eat healthier.""  

Topic: Weight Loss  
Quote: ""I want to lose weight and live healthier.""  

Topic: Motivation and Confidence  
Quote: ""So you're positive about this change overall.""  "
84.0,"Topic: Healthy Eating  
Quote: ""Because I want to feel more physically resilient.""

Topic: Self-Reflection  
Quote: ""Please think carefully about my questions and see them primarily as thought impulses that bring you mentally closer to your goal.""

Topic: Behavioral Change  
Quote: ""My goal is to help you reflect on your behavior and help you develop a plan for your behavioral change.""

Topic: Seeking External Support  
Quote: ""A personalized diet plan that can be integrated into your daily work could actually be helpful support."""
85.0,"Topic: Procrastination  
Quote: ""I want to procrastinate less""  

Topic: Motivation and Confidence  
Quote: ""A 7 already shows that this change is important to you.""  

Topic: Self-Reflection  
Quote: ""You've already taken an important first step by recognizing the desire for change and being ready to work on it.""  

Topic: Task Prioritization  
Quote: ""I will try to take a certain time tomorrow, in which no one should disturb me, so that I can then work off first to-dos""  "
86.0,"Topic: Procrastination  
Quote: ""I often feel that I can't do my tasks right. Everything then runs so tough and I don't get to do my other tasks.""

Topic: Self-Reflection  
Quote: ""You are well aware of your challenges in concentrating and you show an honest examination of your situation. This is a strong first step towards change.""

Topic: Goal Setting  
Quote: ""I would like to set myself a 10 minute timer and try to concentrate on one task at this time."""
87.0,"Topic: Procrastination  
Quote: ""I want to procrastinate less""

Topic: Self-Reflection  
Quote: ""Please think carefully about my questions and see them primarily as thought impulses that bring you mentally closer to your goal."""
88.0,"Topic: Healthy Eating  
Quote: ""I want to eat healthier.""

Topic: Self-Reflection  
Quote: ""Please think carefully about my questions and see them primarily as thought impulses that bring you mentally closer to your goal.""

Topic: Social Relationships  
Quote: ""It's hard for me because there are still a lot of events going on with friends right now.""

Topic: Goal Setting  
Quote: ""Imagine that you have already made this change. What would your life look like in a year if you were to eat healthier food?"""
89.0,"Topic: Procrastination  
Quote: ""I want to procrastinate less""

Topic: Motivation and Confidence  
Quote: ""How confident are you on a scale from 0 (not at all) to 10 (very) that you can make this change? 6""

Topic: Support System  
Quote: ""It seems like you're missing someone who encourages and motivates you. It might be helpful to ask someone around you to take on this role.""

Topic: Reward System  
Quote: ""You could get a reward for certain goals you've achieved. That could help you stay motivated."""
90.0,"Topic: Climate Crisis  
Quote: ""Because humanity in general, and thus every individual, is facing the insane challenge of the climate crisis caused by the fact that we humans do not live and manage sustainably at all and do not take into account the resources available on earth.""

Topic: Self-Reflection  
Quote: ""Please think carefully about my questions and see them primarily as thought impulses that bring you mentally closer to your goal. I'm not here to give you tips or recommendations for action, but to get clear about your motives and values."" 

Topic: Sustainability  
Quote: ""So you're very interested in living more sustainable. That's great!"""
91.0,"Topic: Procrastination  
Quote: ""I let myself be distracted too much by nonessential things such as mobile phone and media and do not come to learn new things or to concentrate at work and privately.""

Topic: Self-Reflection  
Quote: ""Please think carefully about my questions and see them primarily as thought impulses that bring you mentally closer to your goal. I'm not here to give you tips or recommendations for action, but to get clear about your motives and values."""
92.0,"Topic: Procrastination  
Quote: ""I want to procrastinate less.""

Topic: Self-Reflection  
Quote: ""Please think carefully about my questions and see them primarily as thought impulses that bring you mentally closer to your goal."""
93.0,"Topic: Climate Crisis  
Quote: ""I would like to contribute my part to the fact that we are not going to push climate change further and that this will cause a great many people to suffer even more than in part today.""

Topic: Self-Reflection  
Quote: ""I'm not here to give you tips or recommendations for action, but to get clear about your motives and values.""

Topic: Sustainable Living  
Quote: ""I want to live more sustainably""  
Quote: ""You have expressed your desire to live more sustainably and see it as a contribution to combating climate change.""  

Topic: Gradual Change  
Quote: ""Every small step counts.""  
Quote: ""It is important to realize that any change, no matter how small it may be, makes a difference."""
94.0,"Topic: Healthy Eating  
Quote: ""I want to eat healthier.""

Topic: Self-Reflection  
Quote: ""What helped you in the past to successfully implement a change?""

Topic: Gradual Change  
Quote: ""So you want to take a step-by-step approach.""

Topic: Emotional Response  
Quote: ""You stress that you don't want to put pressure on yourself."""
95.0,"Topic: Healthy Eating  
Quote: ""I eat too much fast food, I want to do more good for my body.""

Topic: Goal Setting  
Quote: ""The clear goal would be to eat less fast food and more fresh food.""

Topic: Motivation and Confidence  
Quote: ""I am basically prepared to do so, but I still lack some motivation."""
96.0,"Topic: Procrastination  
Quote: ""I feel like I'm losing a lot of time by procrastinating, which I could actually use better.""

Topic: ADHD  
Quote: ""I have ADHD and know that continuous procrastination is a symptom of it, which is why it will be very difficult to take action against it.""

Topic: Motivation and Confidence  
Quote: ""How confident are you on a scale from 0 (not at all) to 10 (very) that you can make this change? 5""

Topic: Self-Reflection  
Quote: ""It is important that you are aware that there are no simple solutions and that it takes time to develop new habits."""
98.0,"Topic: Healthy Eating  
Quote: ""I want to eat healthier.""  
Quote: ""I want to be healthy and fit.""

Topic: Self-Reflection  
Quote: ""Please think carefully about my questions and see them primarily as thought impulses that bring you mentally closer to your goal.""  
Quote: ""I'm not here to give you tips or recommendations for action, but to get clear about your motives and values."""
99.0,"Topic: Procrastination  
Quote: ""I've got a lot to do and I keep getting stress before the deadline, but I could do anything loose if I was focused.""

Topic: Motivation and Confidence  
Quote: ""I really want to become more productive and see it as an important problem, which I have to tackle."""
100.0,"Topic: Procrastination  
Quote: ""I push up unpleasant tasks and surf the Internet instead.""

Topic: Motivation and Confidence  
Quote: ""Your motivation is obviously strong.""

Topic: Self-Reflection  
Quote: ""Can you tell me something about why this change is important to you?"""
101.0,"Topic: Healthy Eating  
Quote: ""I am convinced that healthy nutrition has a positive effect on physical well-being and helps me improve my performance level in sports.""

Topic: Self-Reflection  
Quote: ""It might be helpful to understand what healthy nutrition means to you personally.""

Topic: Emotional Response  
Quote: ""You're right, proteins are an important part of our diet and meat is a good source of protein. You wonder how much meat you can eat without getting unhealthy."""
102.0,"Topic: Procrastination  
Quote: ""I see myself repeating the same behavior patterns over and over again, but I can't break them.""

Topic: Fear of Failure  
Quote: ""Often also the fear of failure, therefore I do not start until it is almost too late, so to speak."""
103.0,"Topic: Goal Setting  
Quote: ""because I want to change something and I want to change it immediately""

Topic: Healthy Eating  
Quote: ""so that I feel comfortable in my body""

Topic: Motivation and Confidence  
Quote: ""That sounds like you are very confident about this change.""

Topic: Behavioral Change  
Quote: ""It's important that you set realistic goals and don't overpower yourself."""
104.0,"Topic: Procrastination  
Quote: ""I want to procrastinate less""

Topic: Self-Reflection  
Quote: ""You show an impressive ability to self-reflect and to recognize what you need."""
105.0,"Topic: Healthy Eating  
Quote: ""I want to eat healthier. So you want to eat healthier. Can you tell me something about why this change is important to you?""

Topic: Goal Setting  
Quote: ""I think I'm very motivated because I'm very ambitious overall and this change helps me achieve my goal.""

Topic: Self-Reflection  
Quote: ""Please think carefully about my questions and see them primarily as thought impulses that bring you mentally closer to your goal. I'm not here to give you tips or recommendations for action, but to get clear about your motives and values."""
106.0,"Topic: Procrastination  
Quote: ""I want to procrastinate less""  
Quote: ""So you're ready to tackle this change because you really want it.""

Topic: Goal Setting  
Quote: ""Create a learning plan or a todo plan""  
Quote: ""How would you start with it?"""
107.0,"Topic: Healthy Eating  
Quote: ""To get a better body feeling and to be more satisfied with my body.""

Topic: Fear of Failure  
Quote: ""On a scale from 0 (not at all) to 10 (very), how interested are you in doing this change right now? 0""

Topic: Self-Reflection  
Quote: ""Please think carefully about my questions and see them primarily as thought impulses that bring you mentally closer to your goal."""
108.0,"Topic: Procrastination  
Quote: ""I want to procrastinate less.""

Topic: Motivation and Confidence  
Quote: ""I am motivated and patient.""

Topic: Goal Setting  
Quote: ""I think I should spend less time with activities that do not offer financial compensation."""
109.0,"Topic: Procrastination  
Quote: ""I want to procrastinate less""  

Topic: Fear of Failure  
Quote: ""I could be seen as lazy because tasks are pushing before me""  

Topic: Motivation and Confidence  
Quote: ""On a scale from 0 (not at all) to 10 (very), how interested are you in doing this change right now? 1""  

Topic: Self-Reflection  
Quote: ""The current state seems comfortable for you. What exactly about this state you find comfortable and what could make you give up this convenience""  "
110.0,"Topic: Healthy Eating  
Quote: ""The change is important to me because I want to live a healthy life.""

Topic: Stress Management  
Quote: ""I generally want to eat healthier, but when I'm in stressful situations it's often not possible.""

Topic: Goal Setting  
Quote: ""You are ready to try different strategies and see what works best for you, even if you still have uncertainties about potential obstacles."""
111.0,"Topic: Procrastination  
Quote: ""Because I can't afford to procrastinate in our service company.""

Topic: Self-Reflection  
Quote: ""You consciously take time for rest, which shows that you recognize the importance of self-care and balance in your life."""
112.0,"Topic: Procrastination  
Quote: ""I have a problem with my productivity. Because I get distracted so often, my concentration is slowing down, and this has a negative effect on my work.""

Topic: Behavioral Change  
Quote: ""I'm skeptical that I can change my behavior in the long term. I often fall into old patterns.""

Topic: Self-Reflection  
Quote: ""You've already taken the first step by recognizing that you want to change something."""
113.0,"Topic: Procrastination  
Quote: ""I would like to procrastinate less.""

Topic: Self-Reflection  
Quote: ""Please think carefully about my questions and see them primarily as thought impulses that bring you mentally closer to your goal.""

Topic: Support System  
Quote: ""maybe pressure from outside people? I could share my learning plan with my partner and plan nice activities with him when I have achieved my goal""

Topic: Goal Setting  
Quote: ""I could develop a weekly plan and schedule activities such as a movie night, going to the lake, meeting friends as reward activities when reaching my learning goals"""
114.0,"Topic: Procrastination  
Quote: ""I want to procrastinate less.""

Topic: Self-Reflection  
Quote: ""Please think carefully about my questions and see them primarily as thought impulses that bring you mentally closer to your goal.""

Topic: Behavioral Change  
Quote: ""My goal is to help you reflect on your behavior and help you develop a plan for your behavioral change.""

Topic: ADHD  
Quote: ""I have ADHD and I find it very difficult to concentrate on my work."""
115.0,"Topic: Procrastination  
Quote: ""I have the impression that I work inefficiently and also do not do my tasks as well as I would and could.""

Topic: Self-Reflection  
Quote: ""Can you tell me something about why this change is important to you?""

Topic: Behavioral Change  
Quote: ""What behavioral change do you want to talk about today?""

Topic: Emotional Well-being  
Quote: ""because I see that it has negative effects on my work and also on my well-being."""
116.0,"Topic: Procrastination  
Quote: ""I want to procrastinate less""  
Quote: ""I could reduce my distractions""  

Topic: Self-Reflection  
Quote: ""What could be first steps to procrastinate less? Can't you give me steps? It's about you and your skills.""  

Topic: Motivation and Confidence  
Quote: ""Your motivation to procrastinate less is obviously strong.""  
Quote: ""You are motivated to make this change, even though you have admitted that it is a bit difficult for you.""  "
117.0,"Topic: Procrastination  
Quote: ""Actually, it's not important to me, but among the three topics I was most interested in.""

Topic: Self-Reflection  
Quote: ""I have developed these strategies from pure self-observation.""

Topic: Behavioral Change  
Quote: ""You've already done a lot of valuable work and it seems that you're on the right track."""
118.0,"Topic: Procrastination  
Quote: ""I want to procrastinate less.""

Topic: Self-Reflection  
Quote: ""For me it is of great importance to realize oneself.""

Topic: Goal Setting  
Quote: ""So you want to devote more attention and time to a certain thing, ideally something that also allows you to earn an income.""

Topic: Risk-Taking  
Quote: ""My next step is simply to risk more."""
120.0,"Topic: Healthy Eating  
Quote: ""I want to eat healthier.""

Topic: Weight Loss  
Quote: ""I am overweight and have high blood pressure.""

Topic: Emotional Connection to Food  
Quote: ""I just taste too good meat and sweets.""

Topic: Support System  
Quote: ""Or maybe you can imagine supporting friends or friends.""

Topic: Discipline  
Quote: ""You are absolutely right to change habits can be a real challenge."""
121.0,"Topic: Procrastination  
Quote: ""I get distracted too easily and can therefore not concentrate well at work and get stress, because then I usually have to do tasks quickly but not conscientiously""

Topic: Self-Reflection  
Quote: ""Understanding and overcoming procrastination can be a challenge."""
122.0,"Topic: Self-Reflection  
Quote: ""Please think carefully about my questions and see them primarily as thought impulses that bring you mentally closer to your goal.""

Topic: Climate Crisis  
Quote: ""The change is important to me, because I am very concerned about the environment.""

Topic: Sustainability  
Quote: ""Your wish is to live a more sustainable life because you are very concerned about the environment.""

Topic: Discipline  
Quote: ""Discipline is an important factor in the implementation of behavioral changes, and it's great that you're willing to show them."""
123.0,"Topic: Procrastination  
Quote: ""I want to procrastinate less.""

Topic: Self-Reflection  
Quote: ""Please think carefully about my questions and see them primarily as thought impulses that bring you mentally closer to your goal.""

Topic: Goal Setting  
Quote: ""I will set small goals in my next project and reward myself with a little break!"""
124.0,"Topic: Procrastination  
Quote: ""I just want to use my time more efficiently""  

Topic: Self-Reflection  
Quote: ""Because I know myself very well and know that I can't do it in the long term""  

Topic: Discipline  
Quote: ""I should have more discipline""  

Topic: Goal Setting  
Quote: ""Writing and scheduling tasks can help you get a clear overview of your tasks and manage them efficiently""  

Topic: Reward System  
Quote: ""Introduce a kind of reward system""  "
125.0,"Topic: Procrastination  
Quote: ""I am often quickly distracted and push tasks before me""

Topic: Self-Reflection  
Quote: ""I'm not here to give you tips or recommendations for action, but to get clear about your motives and values"""
126.0,"Topic: Healthy Eating  
Quote: ""I want to eat healthier.""

Topic: Weight Loss  
Quote: ""I especially want to feel fitter again and lose a little weight.""

Topic: Self-Reflection  
Quote: ""Please think carefully about my questions and see them primarily as thought impulses that bring you mentally closer to your goal."""
127.0,"Topic: Procrastination  
Quote: ""I want to procrastinate less""

Topic: Fear of Failure  
Quote: ""I'm worried that, despite all the help, nothing will change"""
129.0,"Topic: Procrastination  
Quote: ""I want to procrastinate less""  

Topic: Behavioral Change  
Quote: ""My goal is to help you reflect on your behavior and help you develop a plan for your behavioral change.""  

Topic: Motivation and Confidence  
Quote: ""How ready are you to perform this change on a scale from 0 (not at all) to 10 (very)? 5""  

Topic: Self-Reflection  
Quote: ""Please think carefully about my questions and see them primarily as thought impulses that bring you mentally closer to your goal.""  

Topic: Exercise  
Quote: ""How about you set small, achievable goals?""  "
130.0,"Topic: Procrastination  
Quote: ""I get too little at work by procrastinating""

Topic: Self-Reflection  
Quote: ""It seems that you already have experience in overcoming challenges.""

Topic: Goal Setting  
Quote: ""I should set small goals and celebrate the successes"""
131.0,"Topic: Healthy Eating  
Quote: ""I like to eat very much and often travel, and accordingly I often eat out, which is often fast food. I have increased and feel overall limp and energyless...""

Topic: Motivation and Confidence  
Quote: ""I know that I have to change something, but I'm not too motivated, or I know from experience how fast I stop such things I don't know.""

Topic: Goal Setting  
Quote: ""I will set up a specific weekly plan with meals that I want to eat the days over and will buy accordingly"""
132.0,"Topic: Procrastination  
Quote: ""I want to procrastinate less.""

Topic: Fear of Failure  
Quote: ""Long uneducated tasks and approaching deadlines give me a lot of stress and I feel that I should use my time more effectively.""

Topic: Self-Reflection  
Quote: ""Please think carefully about my questions and see them primarily as thought impulses that bring you mentally closer to your goal."""
133.0,"Topic: Fear of Failure  
Quote: ""A 5th that sounds like you're not too confident about this change.""

Topic: Healthy Eating  
Quote: ""Because I want to be as healthy as possible.""

Topic: Motivation and Confidence  
Quote: ""Lack of motivation.""

Topic: Emotional Connection to Food  
Quote: ""When I'm shopping and I'm emotional or having a bad day, it's hard not to buy 'emotional' and buy candy or unhealthy food."""
135.0,"Topic: Procrastination  
Quote: ""I want to procrastinate less.""

Topic: Self-Reflection  
Quote: ""Please think carefully about my questions and see them primarily as thought impulses that bring you mentally closer to your goal."""
136.0,"Topic: Healthy Eating  
Quote: ""I take too much sugar, I have health problems because of it.""

Topic: Self-Reflection  
Quote: ""Please think carefully about my questions and see them primarily as thought impulses that bring you mentally closer to your goal.""

Topic: Behavioral Change  
Quote: ""My goal is to help you reflect on your behavior and help you develop a plan for your behavioral change.""

Topic: Goal Setting  
Quote: ""Your goal is to consume less sugar and carbohydrates and eat more healthy foods."""
137.0,"Topic: Procrastination  
Quote: ""I constantly push things on although I know exactly how important it is.""

Topic: Self-Reflection  
Quote: ""Please think carefully about my questions and see them primarily as thought impulses that bring you mentally closer to your goal.""

Topic: Goal Setting  
Quote: ""You appreciate the importance of this change with a 10 as you focus on being successful and getting what you deserve."""
138.0,"Topic: Procrastination  
Quote: ""I want to procrastinate less.""

Topic: Motivation and Confidence  
Quote: ""I always needed tips and someone to motivate me."""
140.0,"Topic: Procrastination  
Quote: ""I want to procrastinate less.""

Topic: Self-Reflection  
Quote: ""You have a clear idea of what is important to you and have carefully considered the importance of this goal."""
141.0,"Topic: Procrastination  
Quote: ""I want to procrastinate less.""

Topic: Behavioral Change  
Quote: ""My goal is to help you reflect on your behavior and help you develop a plan for your behavioral change.""

Topic: Self-Reflection  
Quote: ""Please think carefully about my questions and see them primarily as thought impulses that bring you mentally closer to your goal.""

Topic: Distraction Management  
Quote: ""You've already identified some distractions like your phone that keep you from concentrated work.""

Topic: Goal Setting  
Quote: ""Set clearly defined and achievable goals for each working day."""
144.0,"Topic: Procrastination  
Quote: ""Because I want to use my time more efficiently""

Topic: Motivation and Confidence  
Quote: ""So you're positive about this change overall.""

Topic: Goal Setting  
Quote: ""That sounds like a strong motivation."""
145.0,"Topic: Procrastination  
Quote: ""I want to procrastinate less.""

Topic: Fear of Failure  
Quote: ""I don't believe in myself.""

Topic: Emotional Response  
Quote: ""You feel overwhelmed by your procrastination and unsure how to deal with it."""
146.0,"Topic: Procrastination  
Quote: ""I want to procrastinate less.""

Topic: Self-Reflection  
Quote: ""Because I feel that my lack of concentration has a negative impact on my work and I want to learn and work more efficiently and sustainably.""

Topic: Goal Setting  
Quote: ""How important is this change on a scale from 0 (not at all) to 10 (very) 9."""
147.0,"Topic: Procrastination  
Quote: ""I want to procrastinate less""  

Topic: Motivation and Confidence  
Quote: ""I really want to do this. You seem to be very motivated.""  

Topic: Emotional Response  
Quote: ""Very strange and guilty""  "
148.0,"Topic: Fear of Failure  
Quote: ""because the selection went too fast, I actually wanted to choose the 5, but that didn't work anymore""

Topic: Climate Crisis  
Quote: ""My influence on the overall situation is far too small for it to really do something. Therefore, I see little sense in changing my behavior.""

Topic: Self-Reflection  
Quote: ""Please think carefully about my questions and see them primarily as thought impulses that bring you mentally closer to your goal."""
149.0,"Topic: Procrastination  
Quote: ""I want to procrastinate less.""

Topic: Self-Reflection  
Quote: ""Please think carefully about my questions and see them primarily as thought impulses that bring you mentally closer to your goal.""

Topic: Motivation and Confidence  
Quote: ""I'm very motivated.""

Topic: Social Media Influence  
Quote: ""Unfortunately no. I don't want to give up completely on social media etc.."""
150.0,"Topic: Sustainability  
Quote: ""In order to produce less waste that spoils our world (keyword: microplastics) and thus less CO2 is emitted to mitigate global warming.""

Topic: Waste Management  
Quote: ""In order to produce less waste that spoils our world (keyword: microplastics) and thus less CO2 is emitted to mitigate global warming.""

Topic: Environment Design  
Quote: ""So you are already paying attention to buying sustainably and driving only as much car as you need."""
151.0,"Topic: Procrastination  
Quote: ""I find that more and more tasks are accumulating, because I keep putting them on hold, and that makes me feel more and more overwhelmed.""

Topic: Self-Reflection  
Quote: ""I recognize my problem and also have the will to bring about a change."""
152.0,"Topic: Healthy Eating  
Quote: ""I think that my current diet is not optimal and I should also drink less alcohol.""

Topic: Self-Reflection  
Quote: ""I am generally satisfied with my life, but I know that my behavior is negative in the long term.""

Topic: Behavioral Change  
Quote: ""You seem to realize that your current behavior is not sustainable, but you're not too hard on yourself either.""

Topic: Emotional Response  
Quote: ""I find cooking classes to be too elaborate and rather annoying than useful."""
153.0,"Topic: Procrastination  
Quote: ""I want to procrastinate less.""

Topic: Self-Reflection  
Quote: ""I'm aware of it, but I have problems carrying out the change because, for example, it's always close, I know what I have to do but I can't get myself to change something.""

Topic: Goal Setting  
Quote: ""I'll try it tomorrow, put small targets first, don't use mobile until lunch break and then see how it works, thank you"""
156.0,"Topic: Procrastination  
Quote: ""I want to procrastinate less""  

Topic: Behavioral Change  
Quote: ""So you're willing to change something and take necessary steps, despite some uncertainties.""  

Topic: Self-Reflection  
Quote: ""I find this value reflects my status quo, I'm willing to change something and also take the necessary steps despite less insecure.""  

Topic: Use of To-Do Lists  
Quote: ""In the form of a TO-DO list""  "
157.0,"Topic: Procrastination  
Quote: ""I want to procrastinate less.""

Topic: Self-Reflection  
Quote: ""Because I want to do more at work and don't want to feel guilty anymore."""
158.0,"Topic: Sustainable Living  
Quote: ""So you want to live more sustainably. Can you tell me something about why this change is important to you?""

Topic: Behavioral Change  
Quote: ""What are some specific actions or behaviors you want to change to live more sustainably?""

Topic: Environment Design  
Quote: ""You plan to drive less car and pay attention to regional products when shopping for food."""
160.0,"Topic: Procrastination  
Quote: ""I just can't handle my tasks and I keep pushing them off.""

Topic: Self-Reflection  
Quote: ""I would very much like to address this change, but because of my lack of motivation, this is very difficult.""

Topic: Emotional Well-being  
Quote: ""Probably my depression and my ADHD.""

Topic: Support System  
Quote: ""I'm already in therapy, don't worry :)"""
161.0,"Topic: Healthy Eating  
Quote: ""Because I'm overweight and want to lose weight.""

Topic: Goal Setting  
Quote: ""Create a list of meals and when I want to cook.""  

Topic: Fear of Failure  
Quote: ""So you're afraid that you might be frustrated and fall back into old patterns.""  "
162.0,"Topic: Healthy Eating  
Quote: ""I'm afraid I'm going to be sick in my old age due to my diet""

Topic: Fear of Failure  
Quote: ""How confident are you on a scale from 0 (not at all) to 10 (very) that you can make this change? 6""  

Topic: Self-Reflection  
Quote: ""Please think carefully about my questions and see them primarily as thought impulses that bring you mentally closer to your goal.""  "
165.0,"Topic: Healthy Eating  
Quote: ""Because a healthy diet has a positive impact on my health and quality of life.""

Topic: Self-Reflection  
Quote: ""I want to find a balance between a healthy diet and the enjoyment of delicious food.""

Topic: Goal Setting  
Quote: ""In the next step I will try to reduce the consumption of sugar and alcohol."""
167.0,"Topic: Procrastination  
Quote: ""I want to procrastinate less""  

Topic: Motivation and Confidence  
Quote: ""Because it really bugs me so much to procrastinate and I really want to stop""  

Topic: Behavioral Change  
Quote: ""So you're really motivated to change your procrastination habits""  

Topic: Goal Setting  
Quote: ""Can you imagine a future in which you're less procrastinate?""  "
168.0,"Topic: Procrastination  
Quote: ""I want to procrastinate less""  
Quote: ""So I can get more things done in life than sitting on my ass""  
Quote: ""Great that you are confident and ready to create a plan.""  
Quote: ""Remember that reaching your goals takes time and it's perfectly fine if everything doesn't go perfectly right away.""

Topic: Self-Reflection  
Quote: ""Please think carefully about my questions and see them primarily as thought impulses that bring you mentally closer to your goal.""  
Quote: ""Let me sum up our conversation so far."""
170.0,"Topic: Procrastination  
Quote: ""Since procrastination is not a good property""

Topic: Self-Reflection  
Quote: ""That sounds like you've already taken an important first step by realizing that procrastination is not good for you."""
171.0,"Topic: Procrastination  
Quote: ""I have difficulty getting tasks done for the university in time and feel strongly stressed by procrastinating.""

Topic: Self-Reflection  
Quote: ""Your appreciation of your own progress is an important step. You recognize the need for change and are ready to work for it."""
172.0,"Topic: Fear of Failure  
Quote: ""I consider myself undisciplined and ruined my metabolism with diets""

Topic: Healthy Eating  
Quote: ""I want to eat healthier""

Topic: Weight Loss  
Quote: ""I want to lose weight, I am unhappy with my current body""

Topic: Motivation and Confidence  
Quote: ""How confident are you on a scale from 0 (not at all) to 10 (very) that you can make this change? 3"""
175.0,"Topic: Procrastination  
Quote: ""I don't use my time as effectively as I can, so I'm dissatisfied and can do less work than I need.""

Topic: Self-Reflection  
Quote: ""It is remarkable that you have the knowledge and self-knowledge to realize that this is a challenge for you."""
176.0,"Topic: Climate Crisis  
Quote: ""Every year, we feel the extreme effects of the climate crisis. We need to act in a thriving way so that the earth remains a place worth living for my and subsequent generations.""

Topic: Sustainability  
Quote: ""So you want to live more sustainably. Can you tell me something about why this change is important to you?""

Topic: Behavioral Change  
Quote: ""My goal is to help you reflect on your behavior and help you develop a plan for your behavioral change.""

Topic: Second-Hand Shopping  
Quote: ""I could buy more second-hand clothes on flea markets or on online portals.""

Topic: Social Media Influence  
Quote: ""Social media has very good personalized advertising, which often leads me back to the apps."""
177.0,"Topic: Climate Crisis  
Quote: ""Climate change""

Topic: Fear of Failure  
Quote: ""How confident are you on a scale from 0 (not at all) to 10 (very) that you can make this change? 2""  

Topic: Comfort Zone  
Quote: ""I'm too comfortable""  

Topic: Transportation Choices  
Quote: ""commuting""  

Topic: Financial Stability  
Quote: ""cheaper tickets, 49â‚¬ too expensive""  "
178.0,"Topic: Procrastination  
Quote: ""I'm wasting so much time with it""

Topic: Self-Reflection  
Quote: ""Can you tell me something about why this change is important to you?""

Topic: Behavioral Change  
Quote: ""What behavioral change do you want to talk about today?""

Topic: Emotional Well-being  
Quote: ""How would you feel if you spent some time at the piano instead of watching Netflix?"""
179.0,"Topic: Procrastination  
Quote: ""I want to procrastinate less.""  
Quote: ""Because I'm not as productive at work as I should be. It has negative effects.""  
Quote: ""Boredom, fear of failure, and pressure to succeed are very common reasons for procrastination.""

Topic: Self-Reflection  
Quote: ""Please think carefully about my questions and see them primarily as thought impulses that bring you mentally closer to your goal.""  
Quote: ""I'm not here to give you tips or recommendations for action, but to get clear about your motives and values."""
181.0,"Topic: Procrastination  
Quote: ""I want to procrastinate less.""

Topic: Academic Success  
Quote: ""I want to be successful in my studies and achieve a very good degree.""

Topic: Motivation and Confidence  
Quote: ""I'm very motivated to create more and I think if I think about a few methods, I'm going to make it.""

Topic: Behavioral Change  
Quote: ""Your decision and motivation to procrastinate less shows a strong awareness of your priorities and a commitment to your personal well-being and happiness."""
182.0,"Topic: Healthy Eating  
Quote: ""I have hardly concentrated on my diet this summer. I have often just eaten grilled meat or food at parties. Now I want to make sure that I eat better and more balanced food.""

Topic: Self-Reflection  
Quote: ""It is remarkable that you are so aware of your health and well-being and ready to work actively on it. You show a high self-esteem by deciding what is best for you.""

Topic: Goal Setting  
Quote: ""Your goal is to feel healthier, to sleep better, to lose weight, to build muscle and to be more productive."""
183.0,"Topic: Procrastination  
Quote: ""I want to procrastinate less""  

Topic: Goal Setting  
Quote: ""become more successful""  

Topic: Self-Reflection  
Quote: ""What exactly could help you to become even more successful?""  

Topic: Emotional Response  
Quote: ""How would you feel if you were less procrastinating and doing your tasks in time?""  "
186.0,"Topic: Procrastination  
Quote: ""I want to procrastinate less.""

Topic: Self-Reflection  
Quote: ""Please think carefully about my questions and see them primarily as thought impulses that bring you mentally closer to your goal.""

Topic: Motivation and Confidence  
Quote: ""How confident are you on a scale from 0 (not at all) to 10 (very) that you can make this change? 0"""
188.0,"Topic: Procrastination  
Quote: ""I want to procrastinate less.""

Topic: Fear of Failure  
Quote: ""You're talking about fear and nervousness. It's like an invisible hurdle that doesn't make me start."""
189.0,"Topic: Procrastination  
Quote: ""I push myself too often to do things although these are not a big effort and move them to the back""

Topic: Self-Reflection  
Quote: ""Please think carefully about my questions and see them primarily as thought impulses that bring you mentally closer to your goal. I'm not here to give you tips or recommendations for action, but to get clear about your motives and values."""
190.0,"Topic: Procrastination  
Quote: ""I want to procrastinate less""  

Topic: Self-Reflection  
Quote: ""So you're convinced you can do this. It's important to me that I waste less of my lifetime""  

Topic: Distraction Management  
Quote: ""Remove distractions from my life""  

Topic: Goal Setting  
Quote: ""What could be the first step to procrastinate less? Remove distractions from my life""  "
191.0,"Topic: Procrastination  
Quote: ""I want to procrastinate less.""

Topic: Self-Reflection  
Quote: ""Please think carefully about my questions and see them primarily as thought impulses that bring you mentally closer to your goal.""

Topic: Motivation and Confidence  
Quote: ""That sounds like you are very confident about this change.""

Topic: Goal Setting  
Quote: ""Because I want to change this behavior sustainably to achieve my goals.""

Topic: Behavioral Change  
Quote: ""That's a good basis for a behavior change."""
192.0,"Topic: Procrastination  
Quote: ""I want to procrastinate less""  
Quote: ""I like to be distracted and I lack consistency""

Topic: Self-Reflection  
Quote: ""It's interesting that you say that knowledge alone is not enough to bring about a change.""  
Quote: ""It is remarkable that you are already aware of your distractions and lack of consistency, which shows that you are able to reflect on yourself, and this is a valuable first step."""
