cluster,Topics,Definition
0,Fear of Failure,Discusses the user's fear of failure as a barrier to implementing behavioral changes.
1,Healthy Eating,Refers to the desire and efforts to improve dietary habits for better health and wellbeing.
2,Weight Loss,Refers to the goal of reducing body weight through dietary changes.
3,Climate Crisis,Refers to concerns about the environmental impacts of human activities and the desire to mitigate these effects.
4,Self-Reflection,Discusses the process of introspection to understand one's motives and values.
5,Emotional Well-being,Refers to the importance of feeling comfortable and happy as a result of positive lifestyle changes.
6,Behavioral Change,"Discusses the process of altering or modifying one's actions, habits, or patterns for improvement."
7,Procrastination,Discusses the habit of delaying or postponing tasks and the desire to overcome this behavior.
8,Task Prioritization,Discusses the process of ranking tasks based on their importance or urgency.
9,Goal Setting,Involves the process of defining and planning steps to achieve specific objectives.
10,Academic Success,Refers to the desire to improve study habits and grades in order to achieve a higher degree.
11,Motivation and Confidence,"Discusses the level of interest, motivation, and confidence in making a behavioral change."
12,Stress Management,Discusses the desire to reduce stress and achieve inner peace through behavioral changes.
13,Distraction Management,"Discusses strategies to manage distractions, such as creating a quiet, disturbance-free environment for focused work."
14,Support System,Refers to seeking help or support from friends or family in achieving a goal.
15,Productivity,Refers to the desire to increase efficiency in work or personal tasks to achieve more in less time.
16,Emotional Connection to Food,"Discusses the emotional aspect of eating, particularly the use of sweets as a reward or stress reliever."
17,Coping with Setbacks,Discusses the normalcy of experiencing setbacks in the process of behavioral change and strategies to deal with them.
18,Transportation Choices,"Discusses the impact of transportation decisions, such as car usage, on personal sustainability goals."
19,Family and Social Relationships,"Discusses the importance of spending quality time with family and friends, and the impact of behavioral changes on these relationships."
20,Personal Values,Discusses the underlying beliefs or principles that guide an individual's behavior.
21,Time Management,Discusses strategies to use time more effectively and efficiently.
22,Seeking External Support,"Discusses the user's need for external support, such as apps or diet plans, to facilitate behavioral changes."
23,Chatbot Interaction,Refers to the dialogue and interaction with a motivational chatbot for behavioral change.
24,Comparison with Others,"Discusses the tendency to compare one's progress or achievements with those of others, often leading to feelings of frustration or inadequacy."
25,Second-Hand Shopping,Discusses the practice of buying used items as a more sustainable alternative to buying new.
26,Environment Design,Discusses the process of arranging or modifying one's physical surroundings to support desired behaviors or goals.
27,Life Purpose,Discusses existential questions about the meaning and purpose of life.
28,Organic Products,"Discusses the preference for foods produced without the use of synthetic pesticides, fertilizers, or genetically modified organisms."
29,Discipline,"Discusses the practice of training oneself to follow rules or a code of behavior, often to achieve a personal goal."
30,Household Cooperation,Discusses the challenges and strategies of implementing changes within a shared living environment.
31,Market Saturation,Discusses the challenges of finding a unique and profitable niche in a crowded market.
32,Learning and Development,"Refers to the process of acquiring new knowledge or skills, often for personal or professional growth."
33,Health Concerns,"Involves discussions about health issues such as overweight and high blood pressure, and the desire to manage them."
34,Creative Interests,"Refers to personal hobbies or passions, such as painting or reading, and their potential to become a career."
35,Gradual Change,"Discusses the strategy of implementing changes slowly and steadily, rather than making drastic changes all at once."
36,Financial Stability,Discusses the importance of finding a profitable passion or career path.
37,Meat Consumption,Refers to the environmental and health impacts of consuming meat and the desire to reduce or eliminate it from one's diet.
38,Morning Routine,Refers to the desire to improve productivity and efficiency in the morning hours.
39,Fast Fashion,Discusses the environmental impact of the fashion industry and the desire to make more sustainable clothing choices.
40,Comfort Zone,Discusses the concept of stepping out of one's comfort zone to facilitate change.
41,Use of To-Do Lists,Discusses the user's plan to use to-do lists as a strategy to reduce procrastination and increase organization.
42,Risk-Taking,Refers to the willingness to take chances in order to achieve personal or professional goals.
43,Patience,Refers to the willingness to tolerate delay or adversity in the process of achieving a goal.
44,Work-Life Balance,Discusses the struggle to balance professional responsibilities with personal needs and leisure activities.
45,Waste Management,Discusses the role of waste separation in living more sustainably.
46,Sustainability,Refers to the practice of living in a way that reduces one's environmental impact for the benefit of the planet and future generations.
47,Financial Gain,Refers to the desire to increase income or financial rewards through improved productivity.
48,Social Media Influence,Refers to the impact of social media on behavior and decision-making.
49,Frustration,"Discusses feelings of dissatisfaction or annoyance, often resulting from unmet expectations or goals."
50,Emotional Response,Discusses the emotional reactions or feelings towards certain tasks or changes.
